id,player_name,games,time,goals,xG,assists,xA,shots,key_passes,yellow_cards,red_cards,position,team_title,npg,npxG,xGChain,xGBuildup
647,Harry Kane,14,1240,20,14.908603698015213,5,4.415884234011173,61,17,1,0,F,Bayern Munich,17,12.635273665189743,19.353104695677757,5.653060976415873
3738,Sehrou Guirassy,13,966,16,11.893352463841438,1,3.3859636038541794,44,22,0,0,F S,VfB Stuttgart,13,9.620022431015968,14.518873654305935,3.1917595341801643
10832,Loïs Openda,15,1217,10,10.829883072525263,4,2.8884575217962265,56,18,4,0,F,RasenBallsport Leipzig,8,9.314329776912928,12.11374144256115,1.6418729918077588
10394,Jonas Wind,15,1329,9,7.178728051483631,4,2.783394332975149,38,19,3,0,F,Wolfsburg,9,6.420951433479786,10.85806393623352,2.6858031041920185
11867,Victor Boniface,15,1282,9,13.429507456719875,7,4.213225081562996,70,18,2,0,F,Bayer Leverkusen,8,12.67173071950674,18.794284254312515,2.9550914876163006
337,Leroy Sané,14,1233,8,8.262044439092278,8,8.041556153446436,43,47,2,0,M,Bayern Munich,8,8.262044439092278,19.517691418528557,6.951408661901951
6496,Ermedin Demirovic,15,1319,8,7.229195192456245,5,2.5632756128907204,38,15,3,0,M,Augsburg,7,5.713641839101911,8.967651724815369,2.4808618649840355
10804,Deniz Undav,12,708,8,8.305728739127517,2,1.9702660478651524,37,11,3,0,F M S,VfB Stuttgart,8,7.5479521211236715,10.700549177825451,2.9885231107473373
3310,Alassane Pléa,15,1140,7,5.205969105474651,2,1.9560410254634917,39,20,1,0,F M S,Borussia M.Gladbach,6,4.448192442767322,9.063017588108778,4.013509649783373
4329,Marvin Ducksch,15,1189,7,5.61895015463233,4,3.2802470847964287,26,25,2,0,F M S,Werder Bremen,5,3.345620032399893,6.513670463114977,2.7246793564409018
8393,Omar Marmoush,14,1023,7,5.172144513577223,3,2.8935035802423954,32,21,5,0,F M S,Eintracht Frankfurt,6,4.414367895573378,7.18548833951354,1.0021916441619396
11866,Álex Grimaldo,15,1346,7,2.2345265597105026,4,3.5878520971164107,31,24,1,0,D,Bayer Leverkusen,7,2.2345265597105026,9.360420819371939,6.033970128744841
8137,Maximilian Beier,14,947,6,4.1284300200641155,0,0.2698329631239176,31,5,0,0,F S,Hoffenheim,6,4.1284300200641155,4.712353195995092,0.8921169228851795
320,Jonas Hofmann,15,1228,5,2.8949644677340984,5,4.1191951259970665,27,35,2,0,M S,Bayer Leverkusen,5,2.8949644677340984,11.507278703153133,6.96746639162302
956,Andrej Kramaric,12,857,5,4.1101334653794765,1,3.6116182301193476,24,35,3,0,F M S,Hoffenheim,2,1.8368034176528454,5.258543765172362,3.138210754841566
6087,Takuma Asano,15,1183,5,6.886748433113098,1,1.2098095193505287,35,13,1,0,F M,Bochum,5,6.886748433113098,6.833488028496504,1.6393361873924732
6098,Niclas Füllkrug,15,1148,5,5.112994823604822,5,3.3457176499068737,27,17,0,0,F S,"Borussia Dortmund,Werder Bremen",5,5.112994823604822,7.021836180239916,1.6893394123762846
6142,Tim Kleindienst,15,1318,5,7.398968068882823,2,1.240777866449207,36,10,2,0,F M,FC Heidenheim,3,5.8834145944565535,5.194558625575155,0.9542619958519936
8397,Florian Wirtz,15,1201,5,3.840669246390462,6,4.780479460954666,31,35,1,0,M S,Bayer Leverkusen,5,3.840669246390462,14.112673848867416,6.700986720621586
9201,Eren Sami Dinkci,14,1148,5,1.1824956573545933,0,0.9943319680169225,22,13,6,0,M,FC Heidenheim,5,1.1824956573545933,3.667967773973942,1.8837293945252895
9328,Jeremie Frimpong,15,1265,5,6.01739564165473,5,4.131138161756098,25,24,3,0,D,Bayer Leverkusen,5,6.01739564165473,13.801277987658978,4.6298340149223804
9749,Donyell Malen,14,873,5,3.9633348621428013,0,1.1160788387060165,37,7,1,0,F M S,Borussia Dortmund,5,3.9633348621428013,5.4841706193983555,1.5585263092070818
11982,Jan-Niklas Beste,14,1198,5,2.019425179809332,7,3.166750286705792,23,34,4,0,M,FC Heidenheim,5,1.2616484947502613,1.9250866640359163,0.6204022392630577
261,Julian Brandt,15,1128,4,2.889457667246461,7,6.621380217373371,19,43,1,0,F M S,Borussia Dortmund,4,2.889457667246461,8.156898587942123,2.7944819629192352
4280,Davie Selke,13,958,4,3.8363546654582024,0,0.32264436036348343,24,10,2,0,F S,FC Cologne,4,3.8363546654582024,3.203480079770088,0.812477407976985
5113,Santos Borré,12,771,4,2.03984565846622,0,1.2119240825995803,15,10,0,0,F S,Werder Bremen,4,2.03984565846622,3.972335414029658,1.2536432780325413
6155,Robin Gosens,13,971,4,1.2512304745614529,0,1.581746687181294,14,13,4,0,D M S,Union Berlin,4,1.2512304745614529,3.5266410037875175,1.9346508588641882
6449,Chris Führich,15,1213,4,4.553632033988833,5,4.960123531520367,26,27,1,0,M,VfB Stuttgart,4,3.7958552967756987,10.893335744738579,5.256884261965752
7052,Wout Weghorst,12,991,4,3.6474601346999407,0,1.6670111771672964,16,11,3,0,F,Hoffenheim,3,2.8896834570914507,4.8630725517869,1.2293313518166542
7058,Kevin Stöger,15,1220,4,3.785417841747403,3,4.297752521932125,40,41,5,0,M,Bochum,1,1.5120878219604492,5.726692333817482,3.610508340410888
8700,Xavi Simons,15,1241,4,3.078522939234972,7,4.168086860328913,35,30,4,0,M,RasenBallsport Leipzig,4,2.320746261626482,8.875960983335972,4.184950731694698
8826,Rocco Reitz,15,1048,4,1.9874259196221828,1,0.687174953520298,16,5,1,0,M S,Borussia M.Gladbach,4,1.9874259196221828,5.359931736253202,2.9135911455377936
9712,Kevin Behrens,14,1060,4,5.11063964292407,0,0.9993132529780269,34,14,2,0,F S,Union Berlin,4,5.11063964292407,5.6999586299061775,1.388206610456109
10926,Tim Skarke,13,1014,4,1.4929245356470346,0,0.7109598852694035,32,8,3,0,F M S,Darmstadt,4,1.4929245356470346,3.324351094663143,1.425115890800953
11846,Tomás Cvancara,12,622,4,5.305990666151047,1,0.5637750066816807,21,4,3,0,F S,Borussia M.Gladbach,3,3.790437325835228,4.055663835257292,0.5935943052172661
9,Tobias Kempe,12,654,3,3.0926466938108206,1,1.6210265811532736,14,21,0,0,M S,Darmstadt,0,0.8193166274577379,2.445732306689024,1.5322244260460138
171,Michael Gregoritsch,13,537,3,4.099214471876621,1,0.28191420808434486,33,5,0,0,F S,Freiburg,3,4.099214471876621,4.056451254524291,1.2942316476255655
183,Jonathan Tah,14,1246,3,1.017947418615222,0,0.05773860402405262,11,2,4,0,D,Bayer Leverkusen,3,1.017947418615222,7.276846695691347,7.241419780999422
226,Kingsley Coman,11,871,3,2.635092005133629,3,3.392647285014391,26,24,1,0,M,Bayern Munich,3,2.635092005133629,9.73728659003973,5.7506640665233135
319,Marco Reus,13,923,3,3.715448461472988,1,2.969838515855372,18,18,1,0,M S,Borussia Dortmund,3,3.715448461472988,6.823186501860619,2.3948678923770785
5231,Florian Kainz,15,1127,3,2.683255490846932,0,1.9182652346789837,15,23,2,0,M S,FC Cologne,0,0.40992544312030077,2.9188793040812016,2.324979893863201
5250,Yussuf Poulsen,14,772,3,4.210668787360191,1,1.845193300396204,20,9,0,0,F S,RasenBallsport Leipzig,3,4.210668787360191,6.858272846788168,2.1669695526361465
5266,Vincenzo Grifo,14,1130,3,3.6156900078058243,5,3.7399068139493465,24,30,1,0,M S,Freiburg,0,1.3423599619418383,3.9309312757104635,1.6818872820585966
6475,Lucas Höler,15,1100,3,3.257323607802391,1,1.490574061870575,16,19,2,0,F M S,Freiburg,3,3.257323607802391,4.732485398650169,1.4568748818710446
7051,Gonçalo Paciência,9,340,3,2.3334685005247593,0,1.3565357252955437,23,8,2,0,F S,Bochum,3,2.3334685005247593,4.005357503890991,0.5990585135295987
7065,Florian Neuhaus,13,607,3,2.1086592003703117,0,0.2839239714667201,17,6,1,0,M S,Borussia M.Gladbach,3,2.1086592003703117,4.61216886062175,2.407110176049173
7422,Christoph Baumgartner,14,584,3,2.070596057921648,1,0.6799817457795143,18,10,2,0,M S,RasenBallsport Leipzig,3,2.070596057921648,4.66918757930398,2.217514418065548
7562,Eric Junior Dina Ebimbe,14,897,3,2.2716152500361204,1,1.622424378991127,24,10,1,0,D F M S,Eintracht Frankfurt,3,2.2716152500361204,4.113061334937811,0.9819850511848927
7867,Robert Skov,13,797,3,1.147143006324768,3,1.2098450744524598,20,11,1,0,D M S,Hoffenheim,3,1.147143006324768,2.326325472444296,0.8201705999672413
7997,Julian Ryerson,10,896,3,1.1416240446269512,1,1.9676998406648636,10,9,1,0,D,Borussia Dortmund,3,1.1416240446269512,4.75642628967762,1.9184296391904354
8807,Silas Wamangituka,15,714,3,4.723487187176943,1,1.2077421098947525,18,10,0,0,M S,VfB Stuttgart,3,3.9657104946672916,8.015638763085008,3.736674964427948
8989,Ansgar Knauff,12,741,3,2.64982720464468,0,1.34643436037004,15,6,2,1,D F M S,Eintracht Frankfurt,3,2.64982720464468,5.318828276358545,1.3690290236845613
9780,Mathys Tel,11,173,3,0.8548655137419701,2,0.8178604543209076,12,2,1,0,S,Bayern Munich,3,0.8548655137419701,3.993750125169754,3.024366579949856
11845,Phillip Tietz,15,1011,3,5.6212039440870285,2,1.2392224222421646,29,14,0,0,F S,Augsburg,3,5.6212039440870285,7.054270822554827,2.005229566246271
11916,Marvin Mehlem,13,1003,3,2.8457167595624924,2,0.6603987626731396,18,16,3,0,M,Darmstadt,3,2.8457167595624924,5.660329569131136,2.4976567421108484
11974,Benjamin Sesko,12,306,3,2.0418422389775515,0,0.1292264610528946,13,3,0,0,F S,RasenBallsport Leipzig,3,2.0418422389775515,3.200891111046076,1.8966233171522617
65,Timo Werner,8,192,2,2.619151372462511,0,0.060963310301303864,9,2,0,0,F M S,RasenBallsport Leipzig,1,1.8613747544586658,2.5027804113924503,0.6053832545876503
83,Kevin Volland,9,407,2,1.4768196046352386,1,0.8586588203907013,10,2,0,1,F M S,Union Berlin,1,0.7190428674221039,1.7335289753973484,0.5524430451914668
294,Gian-Luca Waldschmidt,14,845,2,1.9878058042377234,0,1.1186738219112158,32,10,0,0,M S,FC Cologne,2,1.9878058042377234,4.5281772799789906,1.9098962806165218
335,Leon Goretzka,11,842,2,2.344646565616131,1,1.6343614552170038,27,7,0,0,M S,Bayern Munich,2,2.344646565616131,8.534005053341389,5.928051978349686
339,Eric Maxim Choupo-Moting,13,307,2,4.963917218148708,0,1.7268462851643562,18,8,1,0,M S,Bayern Munich,2,4.963917218148708,8.212704412639141,2.458718903362751
373,Mats Hummels,13,965,2,3.068731525912881,0,0.10877773724496365,9,4,4,1,D,Borussia Dortmund,2,3.068731525912881,5.238802306354046,5.112878613173962
1277,Roland Sallai,11,685,2,2.8644036799669266,0,1.4290773272514343,23,14,2,0,D F M S,Freiburg,2,2.8644036799669266,5.219217337667942,0.9874605350196362
3347,Ellyes Skhiri,13,1106,2,2.2734245732426643,1,1.3165487386286259,11,13,0,0,M S,Eintracht Frankfurt,2,2.2734245732426643,6.3680085465312,4.03203347325325
3682,Jordan Siebatcheu,10,530,2,1.7616665251553059,1,1.0073504615575075,13,9,0,0,F S,"Borussia M.Gladbach,Union Berlin",2,1.7616665251553059,3.0088179018348455,0.6097508147358894
4340,Grischa Prömel,14,1153,2,1.7570414505898952,4,1.688929008319974,14,14,6,0,D M,Hoffenheim,2,1.7570414505898952,5.983141660690308,2.7613042816519737
5248,Marcel Sabitzer,10,754,2,1.1249530147761106,0,0.5235604643821716,14,7,2,0,M S,Borussia Dortmund,2,1.1249530147761106,5.971596842631698,4.656415320932865
5249,Emil Forsberg,13,382,2,1.6260444759391248,1,0.8517668843269348,12,6,0,0,M S,RasenBallsport Leipzig,2,0.868267813231796,3.276331836823374,1.8711202926933765
6380,Anthony Caci,14,1151,2,0.6612129341810942,0,0.4378882609307766,14,5,3,0,D S,Mainz 05,2,0.6612129341810942,3.627259239554405,2.8310999423265457
6445,Elvis Rexhbecaj,15,1298,2,1.2454542545601726,0,0.42239770386368036,18,9,3,0,M,Augsburg,1,0.48767757695168257,3.0748021733015776,2.365773567929864
7109,Leandro Barreiro Martins,14,1254,2,2.6295372173190117,0,0.45951407589018345,17,9,4,0,M,Mainz 05,2,2.6295372173190117,5.959366969764233,3.7720540538430214
7376,Ozan Kabak,11,894,2,1.6186917796730995,0,0.0764603242278099,9,1,4,0,D,Hoffenheim,2,1.6186917796730995,1.6336281187832355,1.592923391610384
7612,Nathan N&#039;Goumou Minpol,14,644,2,1.8715250790119171,1,0.24289590679109097,12,6,0,0,F M S,Borussia M.Gladbach,2,1.8715250790119171,3.3469888968393207,1.9637511624023318
8292,Dani Olmo,5,284,2,0.4927435591816902,1,1.0039088148623705,7,5,0,0,F M S,RasenBallsport Leipzig,2,0.4927435591816902,2.320658802986145,1.4812614023685455
8325,Exequiel Palacios,15,1230,2,1.1350005082786083,2,1.9975785985589027,9,16,5,0,M S,Bayer Leverkusen,1,0.37722383067011833,11.513003094121814,10.655253700911999
8418,Jamal Musiala,9,570,2,1.9287768453359604,2,1.675354391336441,11,12,1,0,M S,Bayern Munich,2,1.9287768453359604,8.13010710477829,5.2478707283735275
8645,Enzo Millot,13,1039,2,1.8556948937475681,2,2.3951076483353972,12,18,1,0,F M S,VfB Stuttgart,2,1.8556948937475681,9.473772376775742,5.928170247003436
9724,David Raum,15,1330,2,0.9763836469501257,3,3.8200215976685286,10,31,2,0,D M,RasenBallsport Leipzig,2,0.9763836469501257,9.638459648936987,7.506137102842331
9783,Jae-Sung Lee,15,1065,2,1.5257183499634266,0,0.7688894793391228,12,12,3,0,M S,Mainz 05,2,1.5257183499634266,3.827184984460473,1.9443842843174934
9931,Lovro Majer,15,1111,2,2.4954834701493382,2,1.748686522245407,20,17,1,0,F M S,Wolfsburg,1,1.7377067701891065,6.146298758685589,4.051438212394714
10585,Justin Njinmah,13,244,2,1.873791690915823,2,1.652234859764576,14,8,0,0,F S,Werder Bremen,2,1.873791690915823,4.51326784491539,1.1096107438206673
10727,Ko Itakura,7,622,2,1.1688119135797024,0,0,8,0,4,0,D,Borussia M.Gladbach,2,1.1688119135797024,1.7904202602803707,1.7904202602803707
10734,Jens Stage,15,1265,2,1.8549070544540882,0,1.204664345830679,23,13,3,0,M S,Werder Bremen,2,1.8549070544540882,5.716895394027233,3.1605514585971832
11324,Dion Beljo,12,341,2,1.674783019348979,0,0.2191556692123413,10,4,2,0,F M S,Augsburg,2,1.674783019348979,2.5205046124756336,0.6930178366601467
11853,Patrick Mainka,15,1350,2,1.9892047122120857,0,0,17,0,1,0,D,FC Heidenheim,2,1.9892047122120857,0.8607235606759787,0.8312489818781614
11856,Marvin Pieringer,13,683,2,1.9120576791465282,0,0.569193460047245,11,5,4,0,F M S,FC Heidenheim,2,1.9120576791465282,1.936044605448842,0.5094165802001953
11865,Jan Schöppner,8,529,2,0.499100036919117,0,0.4678530655801296,9,3,1,0,M S,FC Heidenheim,2,0.499100036919117,0.9185123890638351,0.2239346280694008
11911,Hugo Larsson,13,1134,2,1.042699433863163,1,1.682565163820982,9,8,0,0,M,Eintracht Frankfurt,2,1.042699433863163,4.974888890981674,2.583343466743827
22,John Brooks,12,1007,1,1.059730738401413,0,0.06575670093297958,6,2,3,0,D,Hoffenheim,1,1.059730738401413,3.086409330368042,2.452199377119541
28,Mitchell Weiser,15,1305,1,1.0403446163982153,4,2.867472290992737,16,15,3,0,D M,Werder Bremen,1,1.0403446163982153,6.801031827926636,4.132455717772245
74,Pavel Kaderábek,11,902,1,1.5065602362155914,1,0.7255625165998936,9,11,2,0,D M S,Hoffenheim,1,1.5065602362155914,3.6325215958058834,1.8160329163074493
75,Niklas Süle,10,547,1,0.6212690323591232,0,0.07463163137435913,5,2,0,0,D S,Borussia Dortmund,1,0.6212690323591232,2.996386706829071,2.836450733244419
116,Florian Grillitsch,12,736,1,0.6271921098232269,0,0.29824430122971535,12,5,4,0,M S,Hoffenheim,1,0.6271921098232269,2.9183600768446922,2.274316324852407
140,Yannick Gerhardt,12,696,1,0.7262759208679199,0,0.1755742859095335,10,4,1,0,M S,Wolfsburg,1,0.7262759208679199,2.3819236122071743,1.5449625179171562
188,Kevin Kampl,12,766,1,0.10332285426557064,0,0.32148481998592615,3,8,1,0,M S,RasenBallsport Leipzig,1,0.10332285426557064,3.181935977190733,2.922093816101551
212,Nico Elvedi,13,980,1,0.6324573997408152,1,0.10356853529810905,8,3,2,0,D S,Borussia M.Gladbach,1,0.6324573997408152,3.6060119587928057,3.536997500807047
223,Joshua Kimmich,11,866,1,0.3860552990809083,3,2.3120071925222874,13,30,0,1,M,Bayern Munich,1,0.3860552990809083,9.597171291708946,8.746728464961052
224,Thomas Müller,12,429,1,0.9744561202824116,4,4.500060407444835,7,20,0,0,M S,Bayern Munich,1,0.9744561202824116,8.192490667104721,4.142184093594551
262,Leonardo Bittencourt,12,687,1,2.051731612533331,1,0.5919722989201546,12,6,3,0,M S,Werder Bremen,1,2.051731612533331,4.013025674968958,1.5239698477089405
372,Julian Weigl,14,1256,1,1.0691847521811724,2,1.609975690022111,7,12,4,0,M,Borussia M.Gladbach,0,0.3114080745726824,6.634038275107741,5.319559114053845
378,Milos Pantovic,1,9,1,0.5618004202842712,0,0,1,0,0,0,S,Union Berlin,1,0.5618004202842712,0.5618004202842712,0
418,Niklas Stark,8,572,1,0.3902307068929076,0,0,4,0,2,0,D S,Werder Bremen,1,0.3902307068929076,1.903040073812008,1.903040073812008
435,Benjamin Henrichs,14,1165,1,1.5103913694620132,3,3.0412612333893776,23,25,1,0,D M S,RasenBallsport Leipzig,1,1.5103913694620132,9.051991492509842,6.2068043276667595
604,Emre Can,12,876,1,0.866639057174325,2,0.971692182123661,4,12,3,0,M S,Borussia Dortmund,0,0.108862379565835,2.823032610118389,2.3748932853341103
1287,Leonardo Bonucci,6,446,1,0.75777667760849,0,0.040585167706012726,1,1,0,0,D,Union Berlin,0,0,1.135350115597248,1.135350115597248
2611,Philipp Lienhart,14,1238,1,1.8939213044941425,0,0.9980377294123173,7,3,3,0,D,Freiburg,1,1.8939213044941425,2.8176643811166286,2.45811216160655
2691,Milos Veljkovic,13,1095,1,0.6142590278759599,1,0.3867342919111252,4,3,2,0,D S,Werder Bremen,1,0.6142590278759599,4.544286746531725,3.6979930214583874
3314,Franck Honorat,15,1191,1,0.48587743751704693,5,5.868737354874611,12,45,1,0,D F M S,Borussia M.Gladbach,1,0.48587743751704693,6.563668422400951,3.8461322337388992
3455,Raphael Guerreiro,4,200,1,0.2515356335788965,0,0,4,0,0,0,M S,Bayern Munich,1,0.2515356335788965,1.071134015917778,0.9538759291172028
4247,Maximilian Philipp,6,213,1,0.46377158910036087,0,0.017087426036596298,6,1,1,0,F S,Freiburg,1,0.46377158910036087,0.6650309935212135,0.2727222517132759
4250,Nicolas Höfler,11,988,1,0.6550865536555648,0,0.09725913591682911,9,4,4,1,M,Freiburg,1,0.6550865536555648,2.7709807883948088,2.542497716844082
5235,Aymen Barkok,12,285,1,2.204937173984945,0,0.3915510047227144,12,5,1,0,M S,Mainz 05,1,1.4471604665741324,1.7998726647347212,0.35388972610235214
5243,Dayotchanculle Upamecano,12,965,1,1.0648688534274697,0,0.1644546017050743,8,2,1,0,D S,Bayern Munich,1,1.0648688534274697,9.09118640050292,9.09118640050292
5245,Bernardo,15,1350,1,1.2625344134867191,0,0.18578101135790348,13,5,3,0,D,Bochum,1,1.2625344134867191,4.301073198206723,3.579569951631129
5292,Manuel Gulde,10,624,1,0.887751029804349,0,0,4,0,1,0,D S,Freiburg,1,0.887751029804349,1.757751565426588,1.757751565426588
5358,Lukas Klostermann,12,680,1,0.9500119760632515,0,0.35124532133340836,2,3,3,0,D S,RasenBallsport Leipzig,1,0.9500119760632515,4.1498288959264755,4.038123652338982
5743,Randal Kolo Muani,2,162,1,1.239070326089859,0,0,5,0,0,0,F,Eintracht Frankfurt,1,1.239070326089859,1.3475775718688965,0.14182138442993164
6100,Felix Uduokhai,14,1220,1,0.7642673403024673,0,0.22880752757191658,3,3,2,1,D,Augsburg,1,0.7642673403024673,2.0219550766050816,1.8826519884169102
6103,Dan-Axel Zagadou,15,1100,1,1.0293470919132233,0,0.06676860339939594,9,2,1,0,D S,VfB Stuttgart,1,1.0293470919132233,5.63864142075181,5.51571661606431
6271,Ihlas Bebou,13,621,1,1.0606827335432172,0,0.1423085741698742,9,5,1,0,D F M S,Hoffenheim,1,1.0606827335432172,2.4529133262112737,1.3249395061284304
6312,Rogerio,6,486,1,0.3783773332834244,0,0.1192691121250391,2,2,0,0,D,Wolfsburg,1,0.3783773332834244,1.300036819651723,0.8023903500288725
6357,Marco Richter,11,444,1,1.7338101752102375,0,1.1669445848092437,30,8,2,0,M S,Mainz 05,1,1.7338101752102375,2.958788722753525,0.583476010710001
6638,Linton Maina,13,923,1,0.8254923904314637,1,1.715255904942751,13,12,0,0,M S,FC Cologne,1,0.8254923904314637,2.586157690733671,0.35227257013320923
6905,Ludovic Ajorque,13,882,1,4.710389189422131,0,0.6369216367602348,22,10,2,0,F S,Mainz 05,1,3.194835774600506,4.432255767285824,0.9860511589795351
6974,Mattias Svanberg,14,1165,1,1.9639631658792496,3,1.7273629065603018,29,17,4,0,M,Wolfsburg,1,1.9639631658792496,5.915274433791637,3.416112673468888
7197,Fredrik Jensen,11,621,1,0.6786389602348208,4,3.1701355408877134,7,17,0,0,M S,Augsburg,1,0.6786389602348208,2.954577373340726,1.0253545893356204
7401,Keven Schlotterbeck,10,726,1,0.7450288459658623,0,0.11390971951186657,3,2,5,0,D S,Bochum,1,0.7450288459658623,0.4617856163531542,0.4121898151934147
7482,Kouadio Kone,7,530,1,0.23352237604558468,0,0.20774133875966072,6,5,2,1,M S,Borussia M.Gladbach,1,0.23352237604558468,2.2618445307016373,1.9250780791044235
7485,Nico Schlotterbeck,14,1237,1,1.0836514942348003,0,0.40611543506383896,14,6,0,0,D,Borussia Dortmund,1,1.0836514942348003,4.360112339258194,4.13610715419054
7551,Mohamed Simakan,15,1303,1,1.9273667801171541,1,0.7101332824677229,11,5,4,0,D,RasenBallsport Leipzig,1,1.9273667801171541,7.380281887948513,7.067071832716465
7793,Matthias Bader,11,801,1,0.27028691302984953,1,2.0960661321878433,7,13,1,0,D M S,Darmstadt,1,0.27028691302984953,3.0425677746534348,1.7200431525707245
7798,Christopher Antwi-Adjei,13,570,1,1.2151125520467758,1,2.549539178609848,17,11,4,0,F M S,Bochum,1,1.2151125520467758,3.7134804986417294,0.6107365600764751
7799,Sven Michel,11,437,1,1.037977110594511,1,0.46157645620405674,8,7,2,0,F M S,Augsburg,0,0.28020039573311806,0.8118946775794029,0.07011783123016357
7809,Mads Pedersen,14,1042,1,0.3265613839030266,1,1.1013983767479658,8,9,4,0,D S,Augsburg,1,0.3265613839030266,3.0292494259774685,1.7626251019537449
7810,Ruben Vargas,13,705,1,1.196667562238872,1,0.6488609630614519,15,13,0,0,M S,Augsburg,1,1.196667562238872,1.958707271143794,0.9196767657995224
7879,Marius Bülter,15,724,1,0.8841448230668902,3,2.419785510748625,16,14,1,0,D F M S,Hoffenheim,1,0.8841448230668902,4.448373036459088,1.8999817539006472
7902,Matthijs de Ligt,7,249,1,1.411975733935833,0,0,7,0,2,0,D S,Bayern Munich,1,1.411975733935833,4.6985198855400085,4.65607750415802
8065,Iago,10,506,1,0.3127196505665779,1,1.3242181353271008,3,7,0,0,D M S,Augsburg,1,0.3127196505665779,2.0260433359071612,0.9585786862298846
8092,Tom Krauß,14,705,1,0.2666360577568412,0,0.14535963162779808,7,4,2,0,M S,Mainz 05,1,0.2666360577568412,1.6184250563383102,1.4559325128793716
8109,Niels Nkounkou,11,379,1,0.2867909260094166,0,0.14092588052153587,7,3,0,0,D S,Eintracht Frankfurt,1,0.2867909260094166,0.9369324147701263,0.5638131126761436
8211,Amine Adli,11,247,1,0.6428258754312992,3,1.0796934999525547,7,10,1,0,M S,Bayer Leverkusen,1,0.6428258754312992,2.7895104736089706,1.3752200361341238
8456,Nathan Tella,8,56,1,0.21945845708251,0,0.4796726703643799,3,1,0,0,S,Bayer Leverkusen,1,0.21945845708251,1.6998942084610462,1.000763088464737
8791,Ritsu Doan,15,997,1,1.8736719377338886,0,0.9697410631924868,16,13,0,0,D M S,Freiburg,1,1.8736719377338886,2.723431035876274,0.4557639714330435
8853,Maxence Lacroix,14,1195,1,0.6593631012365222,0,0.2892057541757822,5,4,1,2,D,Wolfsburg,1,0.6593631012365222,3.7873121220618486,3.5374295134097338
9069,Romano Schmid,15,1214,1,2.714414139278233,2,2.2303536627441645,20,20,2,0,M S,Werder Bremen,1,2.714414139278233,9.178730611689389,5.565570229664445
9133,Youssoufa Moukoko,8,115,1,0.6500936821103096,0,0.03678436949849129,3,1,0,0,S,Borussia Dortmund,1,0.6500936821103096,0.6868780925869942,0
9233,Joakim Maehle,14,1172,1,1.0656532617285848,0,1.8223367687314749,12,10,3,0,D S,Wolfsburg,1,1.0656532617285848,5.762006852775812,4.0637126956135035
9511,Castello Lukeba,14,931,1,0.6267747059464455,0,0.11788434721529484,3,3,2,0,D S,RasenBallsport Leipzig,1,0.6267747059464455,4.1532019674777985,4.1532019674777985
9674,Joe Scally,15,1072,1,0.06044919369742274,1,0.43052653409540653,4,6,3,0,D S,Borussia M.Gladbach,1,0.06044919369742274,3.3271657107397914,2.9108472615480423
9705,Anthony Losilla,14,1156,1,0.7361494638025761,1,0.2734367689117789,7,6,3,0,M,Bochum,1,0.7361494638025761,3.3500688867643476,2.451292160898447
9711,Patrick Osterhage,10,672,1,0.47477779164910316,0,0.18189199641346931,9,4,2,0,D M S,Bochum,1,0.47477779164910316,2.35208198428154,1.8165320754051208
9714,Odilon Kossounou,15,1216,1,0.6500331908464432,0,1.1198571138083935,4,6,2,0,D S,Bayer Leverkusen,1,0.6500331908464432,8.12373923510313,7.4029672630131245
9716,Maximilian Bauer,8,478,1,1.4807326756417751,0,0,4,0,1,0,D S,Augsburg,1,1.4807326756417751,1.1239835247397423,1.1239835247397423
9732,Noah Weißhaupt,12,426,1,0.37081607058644295,1,1.5953413415700197,4,13,1,0,D M S,Freiburg,1,0.37081607058644295,2.384194230660796,1.2758952360600233
9910,Anton Stach,14,1133,1,0.7604818679392338,0,0.6488938890397549,16,7,1,0,M S,"Hoffenheim,Mainz 05",1,0.7604818679392338,4.663219437003136,3.914154574275017
10105,Matej Maglica,12,724,1,0.6991333700716496,0,0.2841998618096113,6,5,2,2,D S,Darmstadt,1,0.6991333700716496,1.4374920148402452,1.1700966153293848
10367,Tiago Tomás,13,537,1,2.2241499051451683,0,0.3103482574224472,16,6,1,0,F M S,Wolfsburg,1,2.2241499051451683,3.3196125850081444,0.8370120320469141
10395,Kevin Paredes,12,313,1,0.8579592490568757,0,0.41463616862893105,6,4,1,0,D M S,Wolfsburg,1,0.8579592490568757,2.7720245011150837,1.513357475399971
10542,Jamie Bynoe-Gittens,7,356,1,1.3134193159639835,1,0.5378783587366343,14,5,0,0,D F M S,Borussia Dortmund,1,1.3134193159639835,2.924002952873707,1.1049227118492126
10725,Danilho Doekhi,8,720,1,0.14097363129258156,0,0.04649893194437027,3,1,0,0,D,Union Berlin,1,0.14097363129258156,2.4292813390493393,2.3827824145555496
10774,Adam Hlozek,12,47,1,1.2823547944426537,0,0.19091136381030083,3,3,0,0,S,Bayer Leverkusen,1,1.2823547944426537,2.195947129279375,0.7226809784770012
10792,Farès Chaïbi,12,872,1,1.8615352492779493,2,2.240025356411934,15,14,1,0,F M S,Eintracht Frankfurt,1,1.8615352492779493,5.481275551021099,2.448905359953642
10861,Hrvoje Smolcic,7,247,1,0.8454071991145611,0,0.01770876720547676,3,1,0,0,D S,Eintracht Frankfurt,1,0.8454071991145611,0.5476790368556976,0.5180687680840492
10986,Kim Min-Jae,14,1235,1,0.3727564103901386,0,0.40519214421510696,5,4,2,0,D,Bayern Munich,1,0.3727564103901386,12.678405035287142,12.571419347077608
11310,Brajan Gruda,13,734,1,0.9942974094301462,1,2.005226492881775,13,23,3,0,M S,Mainz 05,1,0.9942974094301462,5.040018677711487,2.426317621022463
11323,Arne Engels,13,596,1,0.7806616881862283,0,0.9413226032629609,8,11,0,1,D M S,Augsburg,1,0.7806616881862283,2.2041261307895184,1.0781128527596593
11331,Merlin Röhl,11,717,1,2.2219564765691757,2,1.273211944848299,15,7,2,0,F M S,Freiburg,1,2.2219564765691757,3.9226731788367033,0.6464651804417372
11842,Lukas Daschner,10,269,1,2.2446260591968894,1,0.6135645192116499,11,5,2,0,F M S,Bochum,1,2.2446260591968894,4.048286265693605,1.2443059459328651
11851,Václav Cerny,11,553,1,1.118447968736291,0,0.5280827339738607,12,8,2,0,F M S,Wolfsburg,1,1.118447968736291,4.259157761931419,2.742728978395462
11864,Benedikt Gimber,6,534,1,0.710522972047329,1,0.4384183883666992,3,1,2,0,D,FC Heidenheim,1,0.710522972047329,0.13446627371013165,0.13446627371013165
11915,Fabian Nürnberger,12,961,1,0.38552977330982685,1,1.234637975692749,11,21,2,0,D M S,Darmstadt,1,0.38552977330982685,3.609486386179924,2.7711430890485644
11917,Mathias Honsak,12,585,1,1.4531634505838156,0,0.2959015714004636,14,7,1,0,F M S,Darmstadt,1,1.4531634505838156,1.219982035458088,0.20589030534029007
11918,Oscar Vilhelmsson,9,445,1,0.9610020201653242,0,0.011306779459118843,10,1,1,0,F M S,Darmstadt,1,0.9610020201653242,0.5477447658777237,0.08159053698182106
11981,Benedict Hollerbach,9,279,1,0.6793133709579706,0,0.3438611254096031,7,5,1,0,M S,Union Berlin,1,0.6793133709579706,1.3560511488467455,0.3710489645600319
12028,Olivier Deman,11,826,1,0.9321068190038204,1,0.6695082914084196,9,8,3,0,D M S,Werder Bremen,1,0.9321068190038204,2.4355167038738728,0.9816571585834026
12053,Mikkel Kaufmann,8,67,1,0.26991071179509163,0,0,4,0,0,0,S,Union Berlin,1,0.26991071179509163,0.5720607955008745,0.3021500837057829
12107,Nacho Ferri,4,42,1,0.6329975053668022,0,0,2,0,0,0,S,Eintracht Frankfurt,1,0.6329975053668022,1.1092812940478325,0.4762837886810303
5,Fabian Holland,12,1007,0,0.10589210409671068,2,0.6484442763030529,5,9,3,1,D M,Darmstadt,0,0.10589210409671068,3.838413093239069,3.2314407862722874
35,Genki Haraguchi,1,14,0,0,0,0,0,0,0,0,S,VfB Stuttgart,0,0,0,0
40,Stefan Bell,9,577,0,0.2294920403510332,0,0.0905444547533989,4,1,2,0,D S,Mainz 05,0,0.2294920403510332,0.3876202367246151,0.17717087641358376
73,Oliver Baumann,15,1350,0,0,1,0.2383202314376831,0,1,1,0,GK,Hoffenheim,0,0,0.8831354584544897,0.644815219566226
82,Nadiem Amiri,6,8,0,0.10022228956222534,0,0,1,0,0,0,S,Bayer Leverkusen,0,0.10022228956222534,0.10022228956222534,0
88,Mark Uth,6,176,0,1.0580589473247528,0,0.45510005205869675,3,3,1,0,M S,FC Cologne,0,1.0580589473247528,2.0306889712810516,0.5175299644470215
106,Waldemar Anton,15,1321,0,0.7169191604480147,1,0.3441525772213936,12,3,2,0,D,VfB Stuttgart,0,0.7169191604480147,8.846729988232255,8.263810547068715
125,Maximilian Eggestein,15,1310,0,0.9165278971195221,0,0.6630962500348687,20,7,3,0,M,Freiburg,0,0.9165278971195221,3.039965583011508,1.7608968447893858
126,Michael Zetterer,8,720,0,0,0,0,0,0,1,0,GK,Werder Bremen,0,0,1.0390742532908916,1.0390742532908916
129,Dominique Heintz,5,321,0,0,0,0.18344559147953987,0,4,0,0,D S,FC Cologne,0,0,0.44555131904780865,0.377881346270442
133,Kevin Vogt,15,1219,0,0.5846300553530455,0,0.044525325298309326,2,1,2,0,D S,Hoffenheim,0,0.5846300553530455,5.390513818711042,4.805883806198835
139,Simon Zoller,1,38,0,0,0,0,0,0,0,0,S,Bochum,0,0,0,0
150,Josuha Guilavogui,2,25,0,0,0,0,0,0,0,0,D S,Mainz 05,0,0,0.05389070883393288,0.05389070883393288
153,Maximilian Arnold,12,878,0,0.28450257144868374,0,1.0794176366180182,8,16,5,0,M S,Wolfsburg,0,0.28450257144868374,3.1025990545749664,2.7454003635793924
159,Koen Casteels,12,1080,0,0,0,0.20631130039691925,0,1,1,0,GK,Wolfsburg,0,0,1.3890249524265528,1.3890249524265528
161,Robin Knoche,11,959,0,1.1308051692321897,0,0.22124362736940384,4,2,0,0,D S,Union Berlin,0,0.37302852142602205,1.8063345523551106,1.6989877792075276
187,Christoph Kramer,9,138,0,0.06965158134698868,0,0.07599231041967869,1,2,2,0,M S,Borussia M.Gladbach,0,0.06965158134698868,1.3390300627797842,1.221462083980441
201,Tony Jantschke,2,15,0,0,0,0,0,0,0,0,S,Borussia M.Gladbach,0,0,0,0
204,Granit Xhaka,15,1335,0,0.5958724115043879,0,1.323759090155363,18,18,3,0,M,Bayer Leverkusen,0,0.5958724115043879,12.626434281468391,11.152302507311106
213,Thorgan Hazard,1,4,0,0,0,0,0,0,0,0,S,Borussia Dortmund,0,0,0,0
217,Manuel Neuer,6,540,0,0,0,0,0,0,0,0,GK,Bayern Munich,0,0,1.8303144350647926,1.8303144350647926
228,Sebastian Rode,2,19,0,0,0,0,0,0,0,0,M S,Eintracht Frankfurt,0,0,0.0662584900856018,0.0662584900856018
231,Sven Ulreich,8,720,0,0,0,0.072161965072155,0,1,1,0,GK,Bayern Munich,0,0,4.609239846467972,4.537077873945236
247,Danilo Soares,4,309,0,0.11667838506400585,0,0.12000363320112228,4,3,0,0,D S,Bochum,0,0.11667838506400585,0.3727698400616646,0.18206308782100677
249,Danny da Costa,12,732,0,0.22208926919847727,1,0.9918027427047491,6,8,1,0,D S,Mainz 05,0,0.22208926919847727,2.306166833266616,1.2037158608436584
256,Jens Grahl,1,90,0,0,1,0.07067137211561203,0,1,0,0,GK,Eintracht Frankfurt,0,0,0.41257137060165405,0.41257137060165405
267,Philipp Max,12,789,0,0.07324623316526413,1,1.048728346824646,4,8,2,0,D S,Eintracht Frankfurt,0,0.07324623316526413,3.9714495800435543,2.906758774071932
269,Dominik Kohr,14,951,0,1.2182819312438369,0,0.38801438035443425,12,6,6,0,D M S,Mainz 05,0,1.2182819312438369,2.2572508603334427,1.5817849058657885
281,Lukas Hradecky,15,1350,0,0,0,0,0,0,1,0,GK,Bayer Leverkusen,0,0,3.5922731356695294,3.5922731356695294
282,Makoto Hasebe,3,29,0,0,0,0,0,0,0,0,S,Eintracht Frankfurt,0,0,0.047906555235385895,0.047906555235385895
315,Matthias Ginter,14,1193,0,0.46426237374544144,2,0.8285055905580521,3,4,2,0,D,Freiburg,0,0.46426237374544144,3.143183136358857,3.001057365909219
326,Pascal Stenzel,10,717,0,0.1478507500141859,3,2.2142257541418076,8,10,1,0,D S,VfB Stuttgart,0,0.1478507500141859,5.56660814397037,4.447526717558503
370,Marvin Friedrich,9,467,0,0.7838110253214836,0,0.05702872388064861,6,3,0,0,D S,Borussia M.Gladbach,0,0.7838110253214836,0.881807841360569,0.6955589968711138
419,Maximilian Mittelstädt,13,605,0,0.18172270990908146,2,1.6534646581858397,7,7,2,0,D S,VfB Stuttgart,0,0.18172270990908146,7.170252511277795,6.232474425807595
420,Patrick Herrmann,3,34,0,0.0638817548751831,0,0.052701957523822784,1,1,0,0,S,Borussia M.Gladbach,0,0.0638817548751831,0.4301207438111305,0.31353703141212463
422,Mario Götze,13,693,0,0.0837049912661314,1,1.3223611479625106,2,13,2,1,F M S,Eintracht Frankfurt,0,0.0837049912661314,3.9852357571944594,3.0061626797541976
449,Robin Zentner,12,1080,0,0,0,0,0,0,2,0,GK,Mainz 05,0,0,0.41068775951862335,0.41068775951862335
855,Cristian Gamboa,12,854,0,0.0759541867300868,1,0.5073718819767237,6,7,4,0,D S,Bochum,0,0.0759541867300868,2.5003138165920973,1.966123940423131
983,Kevin Mbabu,9,652,0,0.054795083589851856,0,0.9205867797136307,2,7,1,0,D S,Augsburg,0,0.054795083589851856,1.775374710559845,0.8967659529298544
993,Serge Gnabry,5,231,0,1.5609633177518845,0,0.37125834822654724,10,5,0,0,M S,Bayern Munich,0,1.5609633177518845,1.8454243838787079,1.0900333244353533
1139,Silvan Widmer,3,270,0,0,0,1.0770071148872375,0,4,1,0,D,Mainz 05,0,0,2.1669453009963036,1.843961738049984
1236,Patrik Schick,4,40,0,0.16861842572689056,0,0,3,0,0,0,S,Bayer Leverkusen,0,0.16861842572689056,0.47777657583355904,0.34962014481425285
1673,Edimilson Fernandes,11,882,0,0.47177446726709604,2,0.7502798512578011,12,15,3,0,D S,Mainz 05,0,0.47177446726709604,2.6259652338922024,2.050006803125143
2631,Karim Onisiwo,11,712,0,1.0954545950517058,3,1.656475555151701,17,12,0,0,F M S,Mainz 05,0,1.0954545950517058,2.483321152627468,0.2875011172145605
2639,Alexander Nübel,15,1350,0,0,0,0,0,0,0,0,GK,VfB Stuttgart,0,0,3.831473497673869,3.831473497673869
2663,Felix Passlack,7,440,0,0.1384602626785636,0,0.44647394865751266,4,8,1,0,D S,Bochum,0,0.1384602626785636,1.7280305922031403,1.171226542443037
2665,Jeffrey Gouweleeuw,12,1030,0,0.2403793027624488,0,0.4112398996949196,7,4,3,0,D S,Augsburg,0,0.2403793027624488,2.2727292720228434,2.0272515770047903
2693,Marius Wolf,11,612,0,0.3943711966276169,1,0.7812765073031187,3,7,2,0,D S,Borussia Dortmund,0,0.3943711966276169,3.772911623120308,3.3465926945209503
3286,Kevin Trapp,14,1260,0,0,0,0,0,0,1,0,GK,Eintracht Frankfurt,0,0,2.407996267080307,2.407996267080307
3339,Jérôme Roussillon,11,393,0,0.04523778427392244,1,0.568907187320292,2,5,1,0,D S,Union Berlin,0,0.04523778427392244,1.6717002475634217,1.4562540473416448
3349,Ramy Bensebaini,12,929,0,1.5231616403907537,0,0.5150979049503803,14,6,2,1,D S,Borussia Dortmund,0,1.5231616403907537,5.681966982781887,4.426643095910549
3393,Bouna Sarr,2,103,0,0.6052926778793335,0,0,1,0,0,0,D S,Bayern Munich,0,0.6052926778793335,0.9070138335227966,0.9070138335227966
3699,Aissa Laidouni,13,722,0,0.3239010628312826,3,0.9246244542300701,9,8,1,0,M S,Union Berlin,0,0.3239010628312826,3.356831196695566,2.4266238743439317
3743,Lucas Tousart,6,312,0,0.14268011786043644,0,0.08185789361596107,5,2,1,0,M S,Union Berlin,0,0.14268011786043644,0.8668776024132967,0.6423396207392216
4243,Christian Günter,1,90,0,0,0,0.6409432291984558,0,2,0,0,D,Freiburg,0,0,0.24838091433048248,0.20645013451576233
4271,Janik Haberer,11,722,0,0.5882204910740256,0,0.10164702497422695,10,4,3,0,M S,Union Berlin,0,0.5882204910740256,1.5138476956635714,0.9877933012321591
4284,Alexander Brunst,1,90,0,0,0,0,0,0,0,0,GK,Darmstadt,0,0,0.09714891016483307,0.09714891016483307
4312,Marnon Busch,5,204,0,0.06669101864099503,0,0.15712459199130535,3,3,1,0,D S,FC Heidenheim,0,0.06669101864099503,0.44843003898859024,0.36689819395542145
4313,Janis Blaswich,15,1350,0,0,0,0,0,0,0,0,GK,RasenBallsport Leipzig,0,0,3.816610813140869,3.816610813140869
4335,Nicolai Rapp,2,80,0,0,0,0,0,0,1,0,D S,Werder Bremen,0,0,0.06386817991733551,0.06386817991733551
4376,Marvin Schwäbe,15,1350,0,0,0,0.025182869285345078,0,1,0,0,GK,FC Cologne,0,0,1.2974215019494295,1.2722386289387941
5217,Anthony Jung,14,1122,0,0,0,0.20105745270848274,0,4,1,0,D M S,Werder Bremen,0,0,5.095306098461151,4.894248694181442
5247,Naby Keita,3,85,0,0.08448757976293564,0,0,2,0,1,0,M S,Werder Bremen,0,0.08448757976293564,1.1468451283872128,1.0623575486242771
5251,Rani Khedira,4,283,0,0,0,0,0,0,1,1,M,Union Berlin,0,0,0.2951566129922867,0.2951566129922867
5253,Benno Schmitz,8,529,0,0.08298562467098236,0,0.3301255311816931,3,2,1,0,D S,FC Cologne,0,0.08298562467098236,1.6393183134496212,1.2632712237536907
5256,Oliver Burke,1,28,0,0,0,0,0,0,0,0,S,Werder Bremen,0,0,0,0
5257,Willi Orban,3,270,0,0.28127702325582504,0,0,2,0,0,0,D,RasenBallsport Leipzig,0,0.28127702325582504,1.808254897594452,1.808254897594452
5263,Lukas Kübler,11,777,0,0.384469585493207,0,0.09399501420557499,4,2,2,0,D S,Freiburg,0,0.384469585493207,2.231490448117256,1.86586382240057
5288,Gregor Kobel,15,1285,0,0,0,0,0,0,1,0,GK,Borussia Dortmund,0,0,2.5053032487630844,2.5053032487630844
5294,Salih Özcan,9,537,0,0.08669836260378361,0,0.6811652723699808,3,6,2,0,M S,Borussia Dortmund,0,0.08669836260378361,2.662998251616955,2.0300751253962517
5298,Arne Maier,3,45,0,0,0,0,0,0,0,0,S,Augsburg,0,0,0.06764519214630127,0.06764519214630127
5306,Aaron Seydel,6,254,0,0.7035475298762321,0,0.15391964837908745,4,3,1,0,F S,Darmstadt,0,0.7035475298762321,1.093188390135765,0.4699646607041359
5340,Marco Friedl,11,947,0,0.03518952243030071,0,0,2,0,3,0,D,Werder Bremen,0,0.03518952243030071,1.1626737155020237,1.1274841912090778
5347,Jonas Föhrenbach,14,1176,0,0.1490070540457964,0,0.3927644547075033,4,9,0,0,D S,FC Heidenheim,0,0.1490070540457964,1.4528497038409114,1.1995357414707541
5612,Anwar El Ghazi,3,44,0,0.05380818620324135,1,0.6269503235816956,1,2,0,0,S,Mainz 05,0,0.05380818620324135,0.7482239045202732,0.0674653947353363
5680,Thomas Meunier,3,181,0,0.17790300771594048,0,0.026370089501142502,3,1,0,0,D S,Borussia Dortmund,0,0.17790300771594048,0.6421558111906052,0.5518075972795486
5724,Irvin Cardona,3,42,0,0.12994922697544098,0,0,3,0,1,0,S,Augsburg,0,0.12994922697544098,0.08590936288237572,0.06762710213661194
6007,Nicolas Cozza,5,211,0,0.01703888736665249,0,0.0865112952888012,1,2,1,0,D S,Wolfsburg,0,0.01703888736665249,1.3124429434537888,1.2452600076794624
6082,Jiri Pavlenka,7,630,0,0,0,0,0,0,0,0,GK,Werder Bremen,0,0,1.0896473079919815,1.0896473079919815
6109,Konrad Laimer,14,914,0,0.41204614844173193,2,2.1931169740855694,7,12,2,0,D M S,Bayern Munich,0,0.41204614844173193,8.645813759416342,6.920979265123606
6144,Sébastien Haller,10,328,0,0.5285679809749126,0,0.3393091447651386,6,4,2,0,F S,Borussia Dortmund,0,0.5285679809749126,1.4937415234744549,0.9237017594277859
6190,Dawid Kownacki,8,214,0,0.2953169047832489,0,0.1094580003991723,6,3,0,0,F S,Werder Bremen,0,0.2953169047832489,0.4192021796479821,0.13146841526031494
6273,Robin Koch,13,1144,0,0.2577840983867645,0,0.03041146695613861,1,1,4,0,D,Eintracht Frankfurt,0,0.2577840983867645,4.256514422595501,4.226102955639362
6290,Alexander Meyer,1,65,0,0,0,0,0,0,0,0,S,Borussia Dortmund,0,0,0.07077194005250931,0.07077194005250931
6321,Moritz Nicolas,13,1170,0,0,0,0,0,0,1,0,GK,Borussia M.Gladbach,0,0,1.3813290912657976,1.3813290912657976
6327,Kevin Akpoguma,10,561,0,0,0,0.12467014417052269,0,2,5,0,D S,Hoffenheim,0,0,1.1915906518697739,1.0669205076992512
6351,Robin Hack,11,241,0,0.9738038778305054,2,0.7437721341848373,12,4,1,0,F S,Borussia M.Gladbach,0,0.9738038778305054,2.056917428970337,0.4788612090051174
6403,Timo Hübers,15,1342,0,0.9591319262981415,0,0.06156392768025398,12,1,2,0,D,FC Cologne,0,0.9591319262981415,2.3907794542610645,2.315812189131975
6411,Niklas Dorsch,13,982,0,0.5041488520801067,0,0,11,0,3,0,M S,Augsburg,0,0.5041488520801067,3.2010990977287292,2.9290584605187178
6436,Stanley N&#039;Soki,2,21,0,0,0,0,0,0,0,0,S,Hoffenheim,0,0,0,0
6595,Paul Jäckel,4,211,0,0,0,0.0743938460946083,0,2,0,0,D S,Union Berlin,0,0,0.15865868795663118,0.08426484186202288
6596,Finn Dahmen,15,1350,0,0,0,0,0,0,2,0,GK,Augsburg,0,0,1.3670896645635366,1.3670896645635366
6626,Joshua Vagnoman,5,237,0,0.5797691568732262,1,0.7879208400845528,3,3,0,0,D S,VfB Stuttgart,0,0.5797691568732262,1.129823349416256,1.0207236111164093
6708,Bote Baku,15,805,0,0.6882360726594925,0,1.5273205116391182,10,14,1,0,D S,Wolfsburg,0,0.6882360726594925,4.702516883611679,3.5522014321759343
7048,Frederik Rönnow,14,1260,0,0,0,0,0,0,1,0,GK,Union Berlin,0,0,1.8760437220335007,1.8760437220335007
7053,Pavao Pervan,3,270,0,0,0,0,0,0,0,0,GK,Wolfsburg,0,0,0,0
7075,Borna Sosa,2,32,0,0.020359061658382416,0,0.012273414991796017,1,1,0,0,S,VfB Stuttgart,0,0.020359061658382416,0.09210852533578873,0.09210852533578873
7106,Philipp Mwene,8,677,0,0.17567481938749552,0,1.2975962739437819,4,11,1,0,D,Mainz 05,0,0.17567481938749552,2.8188354149460793,2.15888299793005
7108,Jonathan Burkardt,4,158,0,0.42363157868385315,0,0,3,0,0,0,M S,Mainz 05,0,0.42363157868385315,0.35756100714206696,0.032096877694129944
7267,Woo-Yeong Jeong,11,363,0,1.238170176744461,2,1.31102055311203,7,6,0,0,M S,VfB Stuttgart,0,1.238170176744461,4.437784388661385,2.049323931336403
7320,Amos Pieper,6,540,0,0.21106255985796452,0,0.5340107679367065,3,1,0,0,D,Werder Bremen,0,0.21106255985796452,1.7593848444521427,1.2253740765154362
7345,Alphonso Davies,13,1011,0,0.21573339961469173,3,1.6340626142919064,5,20,0,0,D S,Bayern Munich,0,0.21573339961469173,9.948411993682384,9.15345698595047
7366,Maximilian Wöber,14,1241,0,0.7059172317385674,2,0.9712733663618565,7,9,1,0,D,Borussia M.Gladbach,0,0.7059172317385674,4.419292256236076,4.336734924465418
7410,Andras Schafer,3,68,0,0.039518896490335464,0,0.09083045460283756,2,2,0,0,S,Union Berlin,0,0.039518896490335464,0.13034935295581818,0
7501,Amadou Haidara,9,568,0,0.31586718931794167,0,0.7882920503616333,9,7,2,0,M S,RasenBallsport Leipzig,0,0.31586718931794167,6.285259176045656,5.28748570010066
7524,Tuta,14,1190,0,0.3586851079016924,1,0.8452160712331533,6,3,0,0,D,Eintracht Frankfurt,0,0.3586851079016924,3.369094617664814,3.280599929392338
7632,Ivan Ordets,9,753,0,0.3250050600618124,0,0.19368502497673035,8,1,2,0,D,Bochum,0,0.3250050600618124,1.3328586518764496,1.3328586518764496
7719,Nathanael Mbuku,1,3,0,0.020050048828125,0,0.03251015394926071,1,1,0,0,S,Augsburg,0,0.020050048828125,0.05256020277738571,0
7783,Xaver Schlager,14,1243,0,0.584493444301188,1,1.0976256616413593,9,13,1,0,M,RasenBallsport Leipzig,0,0.584493444301188,8.970873691141605,8.072323370724916
7791,Sebastiaan Bornauw,8,399,0,0.24112936854362488,0,0,2,0,1,0,D S,Wolfsburg,0,0.24112936854362488,1.0271335393190384,0.921208992600441
7796,Klaus Gjasula,9,584,0,0.10551349632441998,0,0.10656086727976799,3,3,1,1,D M S,Darmstadt,0,0.10551349632441998,1.5105587793514132,1.4039979418739676
7807,Luca Kilian,9,263,0,0,0,0.049597207456827164,0,1,1,0,D S,FC Cologne,0,0,0.1121671237051487,0.1121671237051487
7815,Christian Groß,7,374,0,0.07317027449607849,1,0.14142025262117386,1,4,0,0,D M S,Werder Bremen,0,0.07317027449607849,1.175947941839695,1.0000922083854675
7868,Diadie Samassékou,1,1,0,0,0,0,0,0,0,0,S,Hoffenheim,0,0,0,0
7875,Christopher Trimmel,10,734,0,0.20410518068820238,1,1.299293514341116,3,19,0,0,D S,Union Berlin,0,0.20410518068820238,2.054915034212172,1.2348684025928378
7876,Christopher Lenz,5,27,0,0,0,0.11042720079421997,0,1,0,0,S,"Eintracht Frankfurt,RasenBallsport Leipzig",0,0,0.9229241237044334,0.8124969229102135
7877,Robert Andrich,9,222,0,0,0,0,0,0,0,0,D M S,Bayer Leverkusen,0,0,1.4644139185547829,1.4644139185547829
7882,Sheraldo Becker,11,664,0,0.9779949057847261,1,2.1538064759224653,16,12,0,0,F M S,Union Berlin,0,0.9779949057847261,3.856623947620392,1.7708171596750617
7900,Sargis Adamyan,5,128,0,1.4483204036951065,1,0.29178446531295776,5,3,1,0,S,FC Cologne,0,1.4483204036951065,1.1626474149525166,0.05746225640177727
7937,Julian Chabot,15,1223,0,0.54211450740695,0,0.06077543459832668,8,2,2,1,D,FC Cologne,0,0.54211450740695,2.5877851210534573,2.543996151536703
7990,Christoph Zimmermann,6,446,0,0,0,0,0,0,0,0,D S,Darmstadt,0,0,0.15233219414949417,0.15233219414949417
8000,Ilia Gruev,1,2,0,0,0,0,0,0,0,0,S,Werder Bremen,0,0,0,0
8017,Alex Kral,11,722,0,0.27110794000327587,0,0.1405405616387725,8,3,2,0,M S,Union Berlin,0,0.27110794000327587,0.6586012160405517,0.43584825191646814
8117,Nick Woltemade,11,232,0,0.21986838430166245,0,0.3342406302690506,2,6,0,0,F S,Werder Bremen,0,0.21986838430166245,2.6510439701378345,2.1967990919947624
8191,Giovanni Reyna,7,192,0,0.8308366648852825,0,0.8132694587111473,6,5,0,0,M S,Borussia Dortmund,0,0.8308366648852825,2.7814609687775373,1.309257498010993
8205,Jan Thielmann,6,383,0,0.5806667767465115,0,0.11293482407927513,7,2,1,0,F M S,FC Cologne,0,0.5806667767465115,0.7920766957104206,0.09847511351108551
8206,Yannik Keitel,3,119,0,0,0,0,0,0,0,0,M S,Freiburg,0,0,0.0557473860681057,0.0557473860681057
8317,Edmond Tapsoba,13,1155,0,0.6888813227415085,0,0.5521269962191582,4,4,3,0,D,Bayer Leverkusen,0,0.6888813227415085,9.750686859712005,9.198559937998652
8392,Julian Justvan,3,34,0,0.02481880411505699,0,0,1,0,0,0,S,Hoffenheim,0,0.02481880411505699,0.04636260122060776,0.021543795242905617
8396,Jessic Ngankam,12,201,0,1.6116960383951664,0,0.023449644446372986,8,1,2,0,F S,Eintracht Frankfurt,0,0.853919330984354,1.2667925246059895,0.4211394190788269
8401,Luca Netz,13,1049,0,0.5840497836470604,3,2.1060724183917046,9,21,1,0,D S,Borussia M.Gladbach,0,0.5840497836470604,5.178553216159344,3.3498713737353683
8648,Fraser Hornby,7,203,0,1.0771338418126106,0,0.4023185297846794,10,4,1,0,F S,Darmstadt,0,1.0771338418126106,1.5243942495435476,0.2800828441977501
8678,Jonas Omlin,2,180,0,0,1,0.3304319977760315,0,1,0,0,GK,Borussia M.Gladbach,0,0,0.3304319977760315,0
8803,Robert Gumny,10,426,0,0.1549529116600752,0,0.1760811423882842,2,2,2,0,D S,Augsburg,0,0.1549529116600752,1.5597329307347536,1.3731267768889666
8804,Felix Agu,5,109,0,0.06258843094110489,0,0.018359366804361343,1,1,0,0,D S,Werder Bremen,0,0.06258843094110489,0.24313979595899582,0.18055136501789093
8806,Roberto Massimo,3,44,0,0,0,0,0,0,0,0,S,VfB Stuttgart,0,0,0.023058781400322914,0.023058781400322914
8854,Tim Siersleben,10,811,0,0.12135707680135965,0,0.7937690913677216,3,3,1,0,D S,FC Heidenheim,0,0.12135707680135965,1.2773267142474651,1.216312911361456
8878,Atakan Karazor,15,1294,0,0.5139642795547843,2,1.3502895534038544,10,14,4,0,M,VfB Stuttgart,0,0.5139642795547843,9.103954067453742,7.598526591435075
8974,Jens Petter Hauge,7,104,0,0.06740253418684006,0,0.03171588107943535,1,1,0,0,S,Eintracht Frankfurt,0,0.06740253418684006,0.5929655320942402,0.5255629904568195
8987,Lilian Egloff,5,93,0,0.12217133678495884,0,0,3,0,1,0,M S,VfB Stuttgart,0,0.12217133678495884,0.22308075428009033,0.115456597879529
9053,Eric Martel,12,1049,0,1.5481459591537714,0,0.2224891632795334,9,4,2,0,M,FC Cologne,0,1.5481459591537714,1.5786384474486113,1.1760775689035654
9076,Philipp Förster,6,171,0,0.08729777485132217,0,0.23447103425860405,1,4,0,0,M S,Bochum,0,0.08729777485132217,0.3215191029012203,0.18816956132650375
9178,Merveille Papela,6,111,0,0.032096877694129944,0,0.040624700486660004,1,1,1,0,M S,Mainz 05,0,0.032096877694129944,0.19743416458368301,0.12471258640289307
9202,Felix Nmecha,10,601,0,1.2628028336912394,2,0.45659343898296356,15,7,2,0,M S,Borussia Dortmund,0,1.2628028336912394,3.870669223368168,2.499712251126766
9227,Steffen Tigges,11,359,0,0.6252081859856844,0,0.30451674945652485,7,6,0,0,F S,FC Cologne,0,0.6252081859856844,0.8732700385153294,0.367002772167325
9270,Kiliann Sildillia,14,951,0,0.12822252698242664,1,0.44082812033593655,4,9,1,0,D S,Freiburg,0,0.12822252698242664,2.8770924247801304,2.604191303253174
9352,Masaya Okugawa,2,23,0,0,0,0,0,0,0,0,S,Augsburg,0,0,0.013698888942599297,0.013698888942599297
9458,Josip Stanisic,5,150,0,0,0,0.23908936977386475,0,3,0,0,D S,Bayer Leverkusen,0,0,1.3699342757463455,1.21067476272583
9501,Fabio Carvalho,8,130,0,0.21358712390065193,0,0.23040751367807388,3,2,0,0,M S,RasenBallsport Leipzig,0,0.21358712390065193,0.7217054478824139,0.3711858205497265
9702,Manuel Riemann,15,1350,0,0,0,0.05967157706618309,0,2,2,0,GK,Bochum,0,0,2.2383693922311068,2.2016317937523127
9703,Maxim Leitsch,5,369,0,0,0,0,0,0,0,0,D S,Mainz 05,0,0,0.33281970396637917,0.33281970396637917
9709,Erhan Masovic,13,1048,0,1.1576622426509857,0,0.9331581657752395,11,2,3,0,D S,Bochum,0,1.1576622426509857,4.059893310070038,2.580903124064207
9715,Hiroki Ito,12,989,0,0.4919305332005024,2,1.4045192617923021,13,13,1,0,D S,VfB Stuttgart,0,0.4919305332005024,8.328048203140497,6.785323619842529
9718,Jamie Leweling,15,459,0,2.0467091547325253,1,1.2364612612873316,15,10,1,0,M S,VfB Stuttgart,0,2.0467091547325253,4.0690452149137855,1.0173947531729937
9725,Angelo Stiller,14,1188,0,0.4319352097809315,1,2.0735001154243946,9,22,1,0,M S,"Hoffenheim,VfB Stuttgart",0,0.4319352097809315,11.971954867243767,10.562247060239315
9730,Patrick Wimmer,6,297,0,0.3094593361020088,0,0.1002170778810978,2,4,1,0,F M S,Wolfsburg,0,0.3094593361020088,1.3149338215589523,0.9423562362790108
9750,Antonios Papadopoulos,1,23,0,0,0,0,0,0,0,0,S,Borussia Dortmund,0,0,0,0
9752,Jesper Lindstrom,1,87,0,0.14182138442993164,0,0,1,0,0,0,F,Eintracht Frankfurt,0,0.14182138442993164,0.9457054734230042,0.8038840889930725
9797,Dejan Ljubicic,14,1094,0,0.952863983809948,0,1.7386722546070814,19,10,3,0,M S,FC Cologne,0,0.952863983809948,3.506385860964656,1.3815410695970058
9911,Piero Hincapié,8,210,0,0.5973117649555206,1,0.32764867693185806,2,2,0,0,D S,Bayer Leverkusen,0,0.5973117649555206,1.048624724149704,0.5689520537853241
9935,Aster Vranckx,11,524,0,0.03155444376170635,0,0.13750116154551506,2,4,4,0,M S,Wolfsburg,0,0.03155444376170635,1.8955104909837246,1.7880029641091824
9943,Moritz Jenz,8,670,0,0.022090625017881393,1,0.5181715302169323,1,3,1,0,D S,Wolfsburg,0,0.022090625017881393,2.3792158011347055,2.334202701225877
9986,Kristijan Jakic,3,182,0,0.02065340429544449,0,0.14182138442993164,1,1,1,0,M S,Eintracht Frankfurt,0,0.02065340429544449,1.4488543719053268,1.3070329874753952
10071,Lennard Maloney,15,1278,0,0.4793561687693,1,0.8148386906832457,10,5,0,0,D M,FC Heidenheim,0,0.4793561687693,1.5353107769042253,1.0483741220086813
10157,Mathias Olesen,6,94,0,0.013606126420199871,0,0.008462952449917793,1,1,0,1,S,FC Cologne,0,0.013606126420199871,0.022069078870117664,0.008462952449917793
10160,Noah Atubolu,15,1350,0,0,0,0,0,0,0,0,GK,Freiburg,0,0,0.5405066274106503,0.5405066274106503
10289,Tom Bischof,8,122,0,0.04073288291692734,1,0.6482518836855888,1,4,0,0,M S,Hoffenheim,0,0.04073288291692734,0.24481778591871262,0.13996730744838715
10427,Bambasé Conté,2,2,0,0,0,0,0,0,0,0,S,Hoffenheim,0,0,0,0
10498,Kenneth Schmidt,5,51,0,0.012293263338506222,0,0.10673213750123978,1,2,0,0,S,Freiburg,0,0.012293263338506222,0.15689349453896284,0.1264183558523655
10595,Umut Tohumcu,3,149,0,0.16045857779681683,1,0.5027996301651001,4,2,2,0,M S,Hoffenheim,0,0.16045857779681683,1.4649452567100525,1.3629080057144165
10695,Faride Alidou,9,245,0,0.22399454936385155,0,0.0841981042176485,4,2,1,0,F S,FC Cologne,0,0.22399454936385155,1.1470865793526173,0.8388939313590527
10696,Noussair Mazraoui,11,829,0,0.824529018253088,3,2.3615982364863157,9,12,3,0,D S,Bayern Munich,0,0.824529018253088,12.371219858527184,11.418153807520866
10697,Ryan Gravenberch,1,6,0,0,0,0.1902855932712555,0,2,1,0,S,Bayern Munich,0,0,0.5938770174980164,0.4035913944244385
10721,Sepp van den Berg,14,1121,0,0.48546959832310677,0,0.021362001076340675,6,1,5,0,D S,Mainz 05,0,0.48546959832310677,2.7329114992171526,2.711549498140812
10724,Diogo Leite,14,1231,0,0.43154509365558624,0,0.35934577137231827,7,3,2,0,D,Union Berlin,0,0.43154509365558624,3.4627266004681587,3.116122607141733
10729,Yvandro Borges Sanches,3,7,0,0,0,0,0,0,0,0,S,Borussia M.Gladbach,0,0,0,0
10731,Finn Becker,11,307,0,0.1699785217642784,0,0.34457393921911716,6,5,1,0,M S,Hoffenheim,0,0.1699785217642784,1.623247154057026,1.1862122733145952
10732,Jakub Kaminski,11,136,0,0.39286570623517036,0,0.4455416798591614,5,2,0,0,M S,Wolfsburg,0,0.39286570623517036,1.128585409373045,0.2901780605316162
10733,Bartol Franjic,9,450,0,0,0,0,0,0,2,0,M S,Darmstadt,0,0,1.3239506166428328,1.3239506166428328
10736,Philipp Hofmann,13,798,0,1.8321616658940911,2,2.037088979035616,12,12,1,0,F S,Bochum,0,1.8321616658940911,3.9825744023546576,0.8704941021278501
10751,Brenden Aaronson,10,310,0,0.3925386816263199,0,0.3347417889162898,2,4,0,1,M S,Union Berlin,0,0.3925386816263199,1.1083694202825427,0.4280189909040928
10772,Karim Adeyemi,11,354,0,0.6524970615282655,1,0.6972251236438751,5,2,2,0,F S,Borussia Dortmund,0,0.6524970615282655,1.8103407379239798,0.4749977830797434
10789,Anthony Rouault,10,447,0,0.08109059371054173,1,0.3754783570766449,2,1,2,0,D S,VfB Stuttgart,0,0.08109059371054173,1.1343650966882706,0.6777961701154709
10838,Luca Pfeiffer,15,930,0,2.0520505607128143,1,0.9117362480610609,25,10,2,0,F M S,Darmstadt,0,2.0520505607128143,4.287352664396167,1.670999612659216
10848,Florian Dietz,1,25,0,0.11756667494773865,0,0,1,0,0,0,S,FC Cologne,0,0.11756667494773865,0.11756667494773865,0
10862,Tim Oermann,4,89,0,0,0,0.06977414339780807,0,1,0,0,D S,Bochum,0,0,0.13656792603433132,0.06679378263652325
11073,Fabio Chiarodia,4,47,0,0,0,0,0,0,0,0,S,Borussia M.Gladbach,0,0,0.6075615286827087,0.6075615286827087
11074,Denis Huseinbasic,9,365,0,0,2,0.1486753113567829,0,4,1,0,M S,FC Cologne,0,0,1.0600677765905857,0.9638179950416088
11092,Mërgim Berisha,8,251,0,0.5670692436397076,0,0.3562791123986244,11,4,0,0,F S,"Augsburg,Hoffenheim",0,0.5670692436397076,0.9159450381994247,0.16204578056931496
11143,Nelson Weiper,3,98,0,0.07049201428890228,0,0.13063468039035797,1,2,0,0,F S,Mainz 05,0,0.07049201428890228,0.20112669467926025,0
11236,Aljoscha Kemlein,2,23,0,0.03288934379816055,0,0,1,0,0,0,S,Union Berlin,0,0.03288934379816055,0.6743266731500626,0.641437329351902
11295,David Datro Fofana,11,641,0,3.4934803135693073,0,0.17630877625197172,24,3,0,0,F M S,Union Berlin,0,3.4934803135693073,3.53498571831733,0.3131359191611409
11309,Andreas Hanche-Olsen,2,66,0,0,0,0,0,0,1,0,D S,Mainz 05,0,0,0,0
11311,Aurélio Buta,15,959,0,0.2885141521692276,1,0.4398271292448044,6,7,3,0,D F S,Eintracht Frankfurt,0,0.2885141521692276,4.028772074729204,3.4048274271190166
11333,Josip Juranovic,8,504,0,0.2640281915664673,2,1.779630083590746,3,17,1,0,D S,Union Berlin,0,0.2640281915664673,1.6628672555088997,0.866192327812314
11336,Moritz Broschinski,9,258,0,0.9868859425187111,0,0.12023609131574631,4,3,0,0,F M S,Bochum,0,0.9868859425187111,1.0244495794177055,0.08830031752586365
11350,Amin Sarr,5,80,0,0,0,0,0,0,0,0,S,Wolfsburg,0,0,0.313305351883173,0.313305351883173
11355,Noah Mbamba-Muanda,2,7,0,0.0418604239821434,1,0.600445568561554,1,1,0,0,S,Bayer Leverkusen,0,0.0418604239821434,0.6423060297966003,0.0418604239821434
11410,Paxten Aaronson,7,83,0,0.09244929254055023,1,0.0662584900856018,2,1,0,0,M S,Eintracht Frankfurt,0,0.09244929254055023,0.7425932139158249,0.5838854312896729
11411,Damion Downs,3,17,0,0.39146700501441956,0,0,1,0,0,0,S,FC Cologne,0,0.39146700501441956,0,0
11547,Aleksandar Pavlovic,4,203,0,0.12984704971313477,2,0.440070703625679,1,3,0,0,M S,Bayern Munich,0,0.12984704971313477,1.6932154074311256,1.3061110451817513
11835,Senne Lynen,14,420,0,0.09440062381327152,1,0.6964947376400232,3,5,2,0,M S,Werder Bremen,0,0.09440062381327152,1.2813302837312222,0.878242202103138
11836,Leon Opitz,2,9,0,0,0,0,0,0,0,0,S,Werder Bremen,0,0,0,0
11838,Frans Krätzig,4,44,0,0.20986010879278183,0,0.2049354761838913,2,2,0,0,S,Bayern Munich,0,0.20986010879278183,1.1618228033185005,0.8294706642627716
11840,Jovan Milosevic,4,11,0,0,0,0,0,0,0,0,S,VfB Stuttgart,0,0,0,0
11841,Maximilian Wittek,9,500,0,0.23170027136802673,1,0.4853181801736355,14,14,1,0,D S,Bochum,0,0.23170027136802673,1.397897630929947,1.0889560636132956
11843,Noah Loosli,6,117,0,0,0,0,0,0,0,0,S,Bochum,0,0,0,0
11844,Tim Breithaupt,10,239,0,0.042067233473062515,0,0.01682264544069767,2,1,2,0,M S,Augsburg,0,0.042067233473062515,0.7100239023566246,0.6932012513279915
11847,Grant-Leon Ranos,6,19,0,0.03116418607532978,0,0,1,0,0,0,S,Borussia M.Gladbach,0,0.03116418607532978,0.14813226740807295,0.11696808179840446
11848,Attila Szalai,4,301,0,0.007408037316054106,0,0.6134751439094543,1,2,1,0,D,Hoffenheim,0,0.007408037316054106,1.2684993166476488,0.6476161498576403
11849,Maximilian Breunig,1,3,0,0,0,0,0,0,0,0,S,Freiburg,0,0,0,0
11850,Cédric Zesiger,12,892,0,0.5743847228586674,0,0,8,0,3,0,D S,Wolfsburg,0,0.5743847228586674,4.1633221581578255,4.116598449647427
11852,Kevin Müller,15,1350,0,0,0,0.05544599890708923,0,1,1,0,GK,FC Heidenheim,0,0,1.0365249859169126,0.9810789870098233
11854,Florian Pick,11,192,0,0.24241559579968452,0,0.17550262063741684,5,3,1,0,M S,FC Heidenheim,0,0.24241559579968452,0.39047563076019287,0.20686276257038116
11855,Adrian Beck,12,508,0,0.8893701657652855,1,0.9713266678154469,9,8,1,0,M S,FC Heidenheim,0,0.8893701657652855,0.7030257247388363,0.3293680511415005
11857,Nikola Dovedan,8,202,0,0.10479277931153774,0,0.01766631379723549,3,1,0,0,M S,FC Heidenheim,0,0.10479277931153774,0.7394140884280205,0.6350208148360252
11858,Denis Thomalla,14,336,0,0.20209286361932755,0,0.4791264422237873,3,3,0,0,M S,FC Heidenheim,0,0.20209286361932755,0.2804193142801523,0.07685994915664196
11859,Omar Traoré,14,1130,0,0.08309854473918676,1,0.7029679697006941,4,9,2,0,D S,FC Heidenheim,0,0.08309854473918676,1.8142182230949402,1.286833186633885
11860,Kevin Sessa,11,159,0,0.6278389617800713,0,0.11295224353671074,4,2,0,0,S,FC Heidenheim,0,0.6278389617800713,0.7588812597095966,0.08074147999286652
11861,Stefan Schimmer,7,30,0,0.06705381721258163,0,0,1,0,0,0,S,FC Heidenheim,0,0.06705381721258163,0,0
11862,Norman Theuerkauf,11,726,0,0.11843886412680149,1,0.1603398360311985,4,4,2,0,D M S,FC Heidenheim,0,0.11843886412680149,0.5416824780404568,0.39415731839835644
11868,Arthur,2,23,0,0.020375972613692284,0,0,1,0,0,0,S,Bayer Leverkusen,0,0.020375972613692284,0.12152071110904217,0.10114473849534988
11869,Gustavo Puerta,3,3,0,0,0,0,0,0,0,0,S,Bayer Leverkusen,0,0,0.10022228956222534,0.10022228956222534
11871,Nicolas Seiwald,5,121,0,0,0,0,0,0,1,0,M S,RasenBallsport Leipzig,0,0,0.5925849936902523,0.5925849936902523
11892,Leart Paqarada,12,859,0,0.26295315008610487,0,1.5079136341810226,8,16,0,0,D S,FC Cologne,0,0.26295315008610487,1.3471508026123047,1.0162209793925285
11893,Rasmus Carstensen,13,967,0,0.39567821845412254,0,1.4413574989885092,5,8,0,1,D M S,FC Cologne,0,0.39567821845412254,2.6125694289803505,1.7255423348397017
11894,Max Finkgrafe,6,187,0,0.6780212260782719,0,0.14944169111549854,3,4,0,0,D S,FC Cologne,0,0.6780212260782719,1.11384941264987,0.3794844951480627
11908,David Mamutovic,1,2,0,0,0,0,0,0,0,0,S,Mainz 05,0,0,0,0
11910,William Pacho,15,1350,0,0.3969906968995929,0,0.07562164962291718,5,1,3,0,D,Eintracht Frankfurt,0,0.3969906968995929,4.475122164934874,4.475122164934874
11912,Marcel Schuhen,14,1260,0,0,0,0,0,0,1,0,GK,Darmstadt,0,0,1.3398227654397488,1.3398227654397488
11913,Christoph Klarer,14,1097,0,0.6680741868913174,2,1.2303065732121468,3,7,5,0,D S,Darmstadt,0,0.6680741868913174,0.9894233588129282,0.9378824140876532
11914,Emir Karic,9,559,0,0.22310099564492702,0,0.7099864780902863,7,7,1,0,D M S,Darmstadt,0,0.22310099564492702,1.457632601261139,1.090329721570015
11919,Fabian Schnellhardt,6,205,0,0.14205756597220898,0,0.03912895545363426,5,1,1,0,M S,Darmstadt,0,0.14205756597220898,0.6259925812482834,0.5578062999993563
11920,Braydon Manu,2,82,0,0.3965084683150053,0,0.01168004609644413,4,1,1,0,M S,Darmstadt,0,0.3965084683150053,0.4794312082231045,0.07124269939959049
11921,Filip Stojilkovic,6,127,0,0.11122400313615799,0,0,3,0,1,0,S,Darmstadt,0,0.11122400313615799,0.04813037347048521,0.007885235361754894
11923,Jannik Müller,7,611,0,0.04809366539120674,0,0,2,0,3,0,D,Darmstadt,0,0.04809366539120674,0.4147274224087596,0.3996688975021243
11924,Clemens Riedel,6,273,0,0.08803080767393112,0,0.038923267275094986,3,2,1,0,D M S,Darmstadt,0,0.08803080767393112,1.4925708323717117,1.4536475539207458
11925,Thomas Isherwood,6,257,0,0,0,0.0350511409342289,0,1,0,0,D S,Darmstadt,0,0,0.6927154418081045,0.6927154418081045
11975,Leonidas Stergiou,5,29,0,0,0,0,0,0,0,0,S,VfB Stuttgart,0,0,0,0
11983,Matús Bero,8,495,0,0.8523127064108849,0,0.5257907351478934,6,4,3,0,F M S,Bochum,0,0.8523127064108849,1.6396772637963295,0.35753150656819344
11991,Lukas Ullrich,2,15,0,0,0,0,0,0,0,0,S,Borussia M.Gladbach,0,0,0,0
12023,Thomas Keller,2,2,0,0,0,0,0,0,0,0,S,FC Heidenheim,0,0,0,0
12029,Daniel Batz,3,270,0,0,0,0,0,0,0,0,GK,Mainz 05,0,0,0.14293263852596283,0.14293263852596283
12067,Luca Raimund,1,17,0,0.8934257626533508,0,0,2,0,0,0,S,VfB Stuttgart,0,0.8934257626533508,1.489156723022461,0.5957310199737549
12069,Junior Adamu,11,54,0,0.09928882867097855,0,0.30559906363487244,2,1,0,0,S,Freiburg,0,0.09928882867097855,0.49293631687760353,0.08804841339588165
12070,Jordy Makengo,5,307,0,0,0,0.04773063212633133,0,1,0,0,D S,Freiburg,0,0,0.3349486496299505,0.2872180175036192
12072,Patric Pfeiffer,5,334,0,0.2303447090089321,1,0.5477441549301147,6,1,0,0,D S,Augsburg,0,0.2303447090089321,0.7759781219065189,0.1465283278375864
12090,Andreas Müller,2,31,0,0,0,0,0,0,0,0,S,Darmstadt,0,0,0,0
12099,Frank Ronstadt,3,20,0,0.019400402903556824,0,0.013743428513407707,1,1,0,0,S,Darmstadt,0,0.019400402903556824,0.03314382955431938,0.013743428513407707
12108,Fabian Rüdlin,1,3,0,0,0,0,0,0,0,0,S,Freiburg,0,0,0.0373377688229084,0.0373377688229084
12134,Moritz-Broni Kwarteng,6,150,0,0.714562002569437,1,0.3739005522802472,6,4,1,0,F S,Bochum,0,0.714562002569437,1.2366488352417946,0.49910563230514526
12226,Marcus Müller,1,15,0,0.013423766009509563,0,0,1,0,0,0,S,Mainz 05,0,0.013423766009509563,0.013423766009509563,0
12232,Kofi Amoako,1,1,0,0,0,0,0,0,0,0,S,Wolfsburg,0,0,0,0
12249,Fabio Torsiello,2,11,0,0.07628991082310677,0,0.07237359136343002,2,1,0,0,S,Darmstadt,0,0.07628991082310677,0.10358637571334839,0
12250,Elias Baum,2,18,0,0,0,0,0,0,0,0,S,Eintracht Frankfurt,0,0,0.03326720371842384,0.03326720371842384
12266,Samuel Bamba,1,14,0,0.10015524923801422,0,0.10088470578193665,2,1,0,0,S,Borussia Dortmund,0,0.10015524923801422,0.5207335352897644,0.31969356536865234
